Metric,Value
Test Size,15%
Training Rows,1137
Testing Rows,201
MAE,4084.844045825546
RMSE,5605.023404312764
R2 Score,0.7936773121565155
Intercept,-11924.055322322147
